[
  {"code": "01", "name": "北海道", "lat": 43.0646, "lon": 141.3468, "city": "札幌市"},
  {"code": "02", "name": "青森県", "lat": 40.8244, "lon": 140.7400, "city": "青森市"},
  {"code": "03", "name": "岩手県", "lat": 39.7036, "lon": 141.1527, "city": "盛岡市"},
  {"code": "04", "name": "宮城県", "lat": 38.2688, "lon": 140.8721, "city": "仙台市"},
  {"code": "05", "name": "秋田県", "lat": 39.7186, "lon": 140.1024, "city": "秋田市"},
  {"code": "06", "name": "山形県", "lat": 38.2404, "lon": 140.3633, "city": "山形市"},
  {"code": "07", "name": "福島県", "lat": 37.7503, "lon": 140.4676, "city": "福島市"},
  {"code": "08", "name": "茨城県", "lat": 36.3418, "lon": 140.4468, "city": "水戸市"},
  {"code": "09", "name": "栃木県", "lat": 36.5658, "lon": 139.8836, "city": "宇都宮市"},
  {"code": "10", "name": "群馬県", "lat": 36.3912, "lon": 139.0609, "city": "前橋市"},
  {"code": "11", "name": "埼玉県", "lat": 35.8569, "lon": 139.6489, "city": "さいたま市"},
  {"code": "12", "name": "千葉県", "lat": 35.6047, "lon": 140.1233, "city": "千葉市"},
  {"code": "13", "name": "東京都", "lat": 35.6895, "lon": 139.6917, "city": "新宿区"},
  {"code": "14", "name": "神奈川県", "lat": 35.4478, "lon": 139.6425, "city": "横浜市"},
  {"code": "15", "name": "新潟県", "lat": 37.9026, "lon": 139.0236, "city": "新潟市"},
  {"code": "16", "name": "富山県", "lat": 36.6953, "lon": 137.2114, "city": "富山市"},
  {"code": "17", "name": "石川県", "lat": 36.5946, "lon": 136.6256, "city": "金沢市"},
  {"code": "18", "name": "福井県", "lat": 36.0652, "lon": 136.2216, "city": "福井市"},
  {"code": "19", "name": "山梨県", "lat": 35.6642, "lon": 138.5684, "city": "甲府市"},
  {"code": "20", "name": "長野県", "lat": 36.2378, "lon": 138.1813, "city": "長野市"},
  {"code": "21", "name": "岐阜県", "lat": 35.3912, "lon": 136.7223, "city": "岐阜市"},
  {"code": "22", "name": "静岡県", "lat": 34.9769, "lon": 138.3831, "city": "静岡市"},
  {"code": "23", "name": "愛知県", "lat": 35.1802, "lon": 136.9066, "city": "名古屋市"},
  {"code": "24", "name": "三重県", "lat": 34.7303, "lon": 136.5086, "city": "津市"},
  {"code": "25", "name": "滋賀県", "lat": 35.0045, "lon": 135.8686, "city": "大津市"},
  {"code": "26", "name": "京都府", "lat": 35.0214, "lon": 135.7556, "city": "京都市"},
  {"code": "27", "name": "大阪府", "lat": 34.6864, "lon": 135.5200, "city": "大阪市"},
  {"code": "28", "name": "兵庫県", "lat": 34.6913, "lon": 135.1830, "city": "神戸市"},
  {"code": "29", "name": "奈良県", "lat": 34.6851, "lon": 135.8328, "city": "奈良市"},
  {"code": "30", "name": "和歌山県", "lat": 34.2261, "lon": 135.1675, "city": "和歌山市"},
  {"code": "31", "name": "鳥取県", "lat": 35.5039, "lon": 134.2381, "city": "鳥取市"},
  {"code": "32", "name": "島根県", "lat": 35.4723, "lon": 133.0505, "city": "松江市"},
  {"code": "33", "name": "岡山県", "lat": 34.6618, "lon": 133.9344, "city": "岡山市"},
  {"code": "34", "name": "広島県", "lat": 34.3963, "lon": 132.4596, "city": "広島市"},
  {"code": "35", "name": "山口県", "lat": 34.1859, "lon": 131.4714, "city": "山口市"},
  {"code": "36", "name": "徳島県", "lat": 34.0658, "lon": 134.5593, "city": "徳島市"},
  {"code": "37", "name": "香川県", "lat": 34.3401, "lon": 134.0434, "city": "高松市"},
  {"code": "38", "name": "愛媛県", "lat": 33.8416, "lon": 132.7657, "city": "松山市"},
  {"code": "39", "name": "高知県", "lat": 33.5597, "lon": 133.5311, "city": "高知市"},
  {"code": "40", "name": "福岡県", "lat": 33.6064, "lon": 130.4183, "city": "福岡市"},
  {"code": "41", "name": "佐賀県", "lat": 33.2494, "lon": 130.2988, "city": "佐賀市"},
  {"code": "42", "name": "長崎県", "lat": 32.7448, "lon": 129.8737, "city": "長崎市"},
  {"code": "43", "name": "熊本県", "lat": 32.7898, "lon": 130.7417, "city": "熊本市"},
  {"code": "44", "name": "大分県", "lat": 33.2382, "lon": 131.6126, "city": "大分市"},
  {"code": "45", "name": "宮崎県", "lat": 31.9111, "lon": 131.4239, "city": "宮崎市"},
  {"code": "46", "name": "鹿児島県", "lat": 31.5602, "lon": 130.5581, "city": "鹿児島市"},
  {"code": "47", "name": "沖縄県", "lat": 26.3344, "lon": 127.8056, "city": "那覇市"}
]
